{"cameraMode":{"drawMode":0,"name":"Shaded","section":"Shading Mode"},"sceneLighting":true,"audioPlay":false,"sceneViewState":{"showFog":true,"showMaterialUpdate":false,"showSkybox":true,"showFlares":true,"showImageEffects":true,"showParticleSystems":true},"in2DMode":false,"pivot":{"x":236.65296936035157,"y":80.56988525390625,"z":-223.44216918945313},"rotation":{"x":0.3602513372898102,"y":0.5650289058685303,"z":-0.2875552475452423,"w":0.6849130392074585},"size":12.595123291015625,"orthographic":false}