{"cameraMode":{"drawMode":0,"name":"Shaded","section":"Shading Mode"},"sceneLighting":false,"audioPlay":false,"sceneViewState":{"showFog":true,"showMaterialUpdate":false,"showSkybox":false,"showFlares":true,"showImageEffects":true,"showParticleSystems":true},"in2DMode":false,"pivot":{"x":203.47000122070313,"y":89.05999755859375,"z":-231.97998046875},"rotation":{"x":0.4667203724384308,"y":-0.08505970239639282,"z":0.04681123420596123,"w":0.8793084621429443},"size":48.97789001464844,"orthographic":false}