{"cameraMode":{"drawMode":0,"name":"Shaded","section":"Shading Mode"},"sceneLighting":true,"audioPlay":false,"sceneViewState":{"showFog":true,"showMaterialUpdate":false,"showSkybox":true,"showFlares":true,"showImageEffects":true,"showParticleSystems":true},"in2DMode":false,"pivot":{"x":210.20408630371095,"y":84.23076629638672,"z":-261.4310302734375},"rotation":{"x":-0.279416561126709,"y":-0.6210372447967529,"z":0.24100567400455476,"w":-0.6921012997627258},"size":7.159182548522949,"orthographic":false}