{"cameraMode":{"drawMode":0,"name":"Shaded","section":"Shading Mode"},"sceneLighting":false,"audioPlay":false,"sceneViewState":{"showFog":true,"showMaterialUpdate":false,"showSkybox":false,"showFlares":true,"showImageEffects":true,"showParticleSystems":true},"in2DMode":false,"pivot":{"x":197.456298828125,"y":94.66395568847656,"z":-265.6044616699219},"rotation":{"x":0.35406169295310976,"y":0.2327117770910263,"z":-0.08974554389715195,"w":0.9016274809837341},"size":61.49201965332031,"orthographic":false}