{"cameraMode":{"drawMode":0,"name":"Shaded","section":"Shading Mode"},"sceneLighting":true,"audioPlay":false,"sceneViewState":{"showFog":true,"showMaterialUpdate":false,"showSkybox":true,"showFlares":true,"showImageEffects":true,"showParticleSystems":true},"in2DMode":false,"pivot":{"x":269.4749755859375,"y":-25.71099853515625,"z":529.7415771484375},"rotation":{"x":0.2057977020740509,"y":-0.01247007679194212,"z":0.009466988034546376,"w":0.9788953065872192},"size":1215.4656982421875,"orthographic":false}