{"cameraMode":{"drawMode":0,"name":"Shaded","section":"Shading Mode"},"sceneLighting":true,"audioPlay":false,"sceneViewState":{"showFog":true,"showMaterialUpdate":false,"showSkybox":true,"showFlares":true,"showImageEffects":true,"showParticleSystems":true},"in2DMode":false,"pivot":{"x":210.20408630371095,"y":84.23076629638672,"z":-261.4310302734375},"rotation":{"x":-0.17144367098808289,"y":0.7635396122932434,"z":-0.23810987174510957,"w":-0.5759461522102356},"size":508.736083984375,"orthographic":false}