{"cameraMode":{"drawMode":0,"name":"Shaded","section":"Shading Mode"},"sceneLighting":true,"audioPlay":false,"sceneViewState":{"showFog":true,"showMaterialUpdate":false,"showSkybox":true,"showFlares":true,"showImageEffects":true,"showParticleSystems":true},"in2DMode":false,"pivot":{"x":295.278564453125,"y":196.56539916992188,"z":-127.80134582519531},"rotation":{"x":-0.34609097242355349,"y":0.06336824595928192,"z":-0.030239287763834,"w":-0.9359963536262512},"size":317.13507080078127,"orthographic":false}